date,dl_traffic_volume_gb,connected_users
12/31/2022,553.1,242.63
1/1/2023,593.37,259.02
1/2/2023,541.73,230.81
1/3/2023,540.51,232.59
1/4/2023,548.22,230.13
1/5/2023,561.04,233.71
1/6/2023,638.19,251.28
1/7/2023,605.47,243.36
1/8/2023,616.73,242.16
1/9/2023,539.03,233.4
1/10/2023,557.51,235.59
1/11/2023,554.27,234.55
1/12/2023,573.18,236.36
1/13/2023,563.85,236.21
1/14/2023,580.95,243
1/15/2023,579.91,246.84
1/16/2023,557.42,230.04
1/17/2023,557.48,226.53
1/18/2023,547.23,234.29
1/19/2023,575.48,239.68
1/20/2023,560.09,238.87
1/21/2023,607.07,244.98
1/22/2023,606.41,250.05
1/23/2023,599.69,240.6
1/24/2023,600.98,246.5
1/25/2023,575.99,240
1/26/2023,583.25,250.41
1/27/2023,610.25,251.83
1/28/2023,620.61,254.26
1/29/2023,629.74,258.43
1/30/2023,631.02,256.15
1/31/2023,639,254.15
2/1/2023,619.16,254.32
2/2/2023,661.09,256.99
2/3/2023,635.47,259.4
2/4/2023,655.06,263.21
2/5/2023,642.43,271.56
2/6/2023,602.36,256.57
2/7/2023,638.77,262.6
2/8/2023,660.27,268.81
2/9/2023,631.14,253.11
2/10/2023,643.24,256.73
2/11/2023,659.99,264.15
2/12/2023,649.49,273.74
2/13/2023,652.58,258.67
2/14/2023,631.33,258.89
2/15/2023,587.02,251.24
2/16/2023,600.85,251.83
2/17/2023,615.64,254.17
2/18/2023,587.6,249.58
2/19/2023,595.23,245.23
2/20/2023,554.82,231.75
2/21/2023,575.65,236.8
2/22/2023,563.94,240.98
2/23/2023,585.04,242.68
2/24/2023,577.54,241.9
2/25/2023,599.29,256.8
2/26/2023,573.5,243.94
2/27/2023,555.82,238.33
2/28/2023,553.13,231.14
3/1/2023,582.69,236.51
3/2/2023,531.04,226.11
3/3/2023,553.99,234.59
3/4/2023,574.55,237.72
3/5/2023,605.06,242.55
3/6/2023,625.25,249.47
3/7/2023,531.03,227.86
3/8/2023,528.25,231.2
3/9/2023,557.65,231.27
3/10/2023,584.99,241.39
3/11/2023,583.5,250.97
3/12/2023,593.72,246.99
3/13/2023,563.57,235.17
3/14/2023,568.18,245.16
3/15/2023,607.63,248.91
3/16/2023,565.87,243.06
3/17/2023,618.89,244.02
3/18/2023,578.4,240.14
3/19/2023,594.69,250.59
3/20/2023,593.28,243.43
3/21/2023,580.67,242.45
3/22/2023,541.73,224.31
3/23/2023,537.59,226.02
3/24/2023,568.97,237
3/25/2023,605.35,256.31
3/26/2023,584.8,255.12
3/27/2023,553.02,237.15
3/28/2023,593.4,240.11
3/29/2023,567.5,247.47
3/30/2023,547.99,245.62
3/31/2023,561.72,242.38
4/1/2023,580.63,243.87
4/2/2023,571.23,242.44
4/3/2023,580.23,240.74
4/4/2023,444.67,205.82
4/5/2023,585.98,251.09
4/6/2023,562.83,235.59
4/7/2023,580.52,246.42
4/8/2023,585.85,245.52
4/9/2023,607.18,254.01
4/10/2023,583.38,247.96
4/11/2023,572.56,249.21
4/12/2023,602.52,257.42
4/13/2023,647.44,270.3
4/14/2023,667.38,296.91
4/15/2023,645.78,273.13
4/16/2023,652.61,261.09
4/17/2023,629.74,253.64
4/18/2023,630.74,250.24
4/19/2023,586.69,245.16
4/20/2023,556.47,237.41
4/21/2023,569.51,244.42
4/22/2023,585.14,259.89
4/23/2023,592.74,248.01
4/24/2023,580.7,245.24
4/25/2023,563.17,240.3
4/26/2023,565.08,240.8
4/27/2023,580.23,249.16
4/28/2023,576.08,251.74
4/29/2023,578.05,248.24
4/30/2023,599.15,252.45
5/1/2023,593.25,249
5/2/2023,568.68,241.63
5/3/2023,549.29,236.84
5/4/2023,545.07,235.13
5/5/2023,603.54,254.43
5/6/2023,647.26,267.54
5/7/2023,630.18,263.13
5/8/2023,583.68,241.74
5/9/2023,550.88,237.08
5/10/2023,554.98,236.56
5/11/2023,549.68,244.68
5/12/2023,583.54,244.49
5/13/2023,596.52,257.81
5/14/2023,593.86,255.71
5/15/2023,548.93,237.46
5/16/2023,560.81,249.05
5/17/2023,564.7,241.42
5/18/2023,583.93,241.72
5/19/2023,591.39,244.8
5/20/2023,604.96,247.86
5/21/2023,596.18,259.55
5/22/2023,547.33,240.86
5/23/2023,553.49,240.47
5/24/2023,539.36,238.31
5/25/2023,545.61,244.76
5/26/2023,594.64,250.76
5/27/2023,583.17,249.05
5/28/2023,592.26,255.57
5/29/2023,542.66,240.82
5/30/2023,579.58,255.04
5/31/2023,592.55,259.43
6/1/2023,598.8,266.44
6/2/2023,622.8,269.19
6/3/2023,540.42,243.83
6/4/2023,625.4,257.79
6/5/2023,600.18,252.75
6/6/2023,598.15,251.38
6/7/2023,588.76,255.7
6/8/2023,601.77,259.89
6/9/2023,604.42,254.52
6/10/2023,629.37,258.27
6/11/2023,635.29,267.2
6/12/2023,591.48,249.66
6/13/2023,601.32,247.76
6/14/2023,553.46,242.63
6/15/2023,584.48,244.68
6/16/2023,596.3,250.66
6/17/2023,597.82,254.28
6/18/2023,615.08,255.04
6/19/2023,597.53,249.5
6/20/2023,584.73,251.67
6/21/2023,574.18,242.98
6/22/2023,563.94,238.69
6/23/2023,594.97,248.24
6/24/2023,604.39,255.72
6/25/2023,632.86,263.88
6/26/2023,576.35,248.26
6/27/2023,597.66,246.01
6/28/2023,599.86,247.52
6/29/2023,624.41,268.61
6/30/2023,628.87,259.72
7/1/2023,614.78,262.84
7/2/2023,669.14,268.84
7/3/2023,659.04,270.78
7/4/2023,597.39,247.02
7/5/2023,588.76,242.63
7/6/2023,563.92,242.96
7/7/2023,618,252.28
7/8/2023,638.65,258.14
7/9/2023,637.13,253.37
7/10/2023,578.73,241.1
7/11/2023,596.33,247.2
7/12/2023,585.3,253.63
7/13/2023,583.02,256.04
7/14/2023,601.17,260.09
7/15/2023,620.87,269.82
7/16/2023,617.16,273.18
7/17/2023,593.36,255.38
7/18/2023,594.66,255.67
7/19/2023,609.12,266.9
7/20/2023,582,263.93
7/22/2023,615.33,275.23
7/23/2023,614.98,279.38
7/24/2023,586.5,265.72
7/25/2023,597.37,269.43
7/26/2023,583.66,267.66
7/27/2023,563.24,261.89
7/28/2023,591.81,273.51
7/29/2023,643.87,274.99
7/30/2023,622.86,278.57
7/31/2023,636.46,284.51
8/1/2023,666.56,302.54
8/2/2023,620.04,275.38
8/3/2023,590.82,273.04
8/4/2023,604.28,279.01
8/5/2023,626.67,280.91
8/6/2023,618.68,282.38
8/7/2023,584.05,269.45
8/8/2023,599.27,269.96
8/9/2023,596.68,272.3
8/10/2023,588.36,273.06
8/11/2023,605.61,267.51
8/12/2023,645.52,282.59
8/14/2023,624.255,271.51
8/15/2023,649.725,273.2
8/16/2023,649.165,279.67
8/17/2023,648.24,274.115
8/18/2023,681.93,284.485
8/19/2023,667.115,286.025
8/20/2023,694.435,299.385
8/21/2023,487.04,198.12
8/22/2023,696.27,276.685
8/23/2023,699.67,290.52
8/24/2023,671.555,287.61
8/25/2023,696.6,283.12
8/26/2023,669.575,277.255
8/27/2023,718.915,293.11
8/28/2023,659.51,286.035
8/29/2023,631.59,284.86
8/30/2023,721.83,292.985
8/31/2023,677.14,279.69
9/1/2023,669.895,278.885
9/2/2023,715.36,286.35
9/3/2023,727.845,305.585
9/4/2023,642.09,276.695
9/5/2023,630.86,275.515
9/6/2023,696.63,289.165
9/7/2023,660.245,284.855
9/8/2023,647.305,281.44
9/9/2023,741.235,301.785
9/10/2023,685.44,294.76
9/11/2023,647.705,278.945
9/12/2023,701.005,293.145
9/13/2023,673.045,284.73
9/14/2023,685.25,286.955
9/15/2023,696.78,295.85
9/16/2023,698.325,296.525
9/17/2023,716.07,299.89
9/18/2023,675.235,284.93
9/19/2023,691,298.31
9/20/2023,645.98,293.4
9/21/2023,673.43,295.33
9/22/2023,676.9,299.84
9/23/2023,711.86,302.66
9/24/2023,729.755,313.035
9/25/2023,664.435,288.795
9/26/2023,682.58,298.89
9/27/2023,714.19,300.925
9/28/2023,729.095,310.665
9/29/2023,754.13,318.105
9/30/2023,721.54,307.225
10/1/2023,714.25,307.065
10/2/2023,685.64,301.055
10/3/2023,683.555,303.27
10/4/2023,723.095,310.895
10/5/2023,700.065,297.23
10/6/2023,676.265,299.66
10/7/2023,764.885,314.205
10/8/2023,725.16,294.825
10/9/2023,683.87,287.195
10/10/2023,698.99,294.145
10/11/2023,717.225,306.785
10/12/2023,708.565,304.675
10/13/2023,670.97,284.21
10/14/2023,706.465,291.76
10/15/2023,760.79,319.33
10/16/2023,705.365,298.215
10/17/2023,687.99,302.29
10/18/2023,677.705,305.85
10/19/2023,712.055,303.635
10/20/2023,705.115,299.04
10/21/2023,730.59,302.385
10/22/2023,742.755,320.635
10/23/2023,717.295,305.98
10/24/2023,712.93,311.875
10/25/2023,674.425,302.63
10/26/2023,707.74,304.62
10/27/2023,735.085,312.495
10/28/2023,747.31,322.475
10/29/2023,741.435,324.095
10/30/2023,731.075,310.04
10/31/2023,733.605,305.19
11/1/2023,671.015,292.6
11/2/2023,710.335,300.08
11/3/2023,662.35,284.04
11/4/2023,693.225,296.68
11/5/2023,706.195,305.825
11/6/2023,662.74,295.24
11/7/2023,686.575,303.01
11/8/2023,672.855,302.625
11/9/2023,707.935,302.31
11/10/2023,671.445,302.585
11/11/2023,736.945,316.08
11/12/2023,742.2,317.93
11/13/2023,668.135,289.85
11/14/2023,648.725,290.84
11/15/2023,714.64,296.45
11/16/2023,727.655,305.085
11/17/2023,578.455,284.81
11/18/2023,758.88,318.505
11/19/2023,761.945,319.69
11/20/2023,700.945,304.48
11/21/2023,663.29,304.535
11/22/2023,661.045,300.295
11/23/2023,655.105,299.64
11/24/2023,703.115,314.35
11/25/2023,696.31,318.595
11/26/2023,744.94,324.905
11/27/2023,690.28,306.385
11/28/2023,667.55,306.755
11/29/2023,671.265,296.795
11/30/2023,711.41,306.915
12/1/2023,764.29,328.785
12/2/2023,734.015,321.06
12/3/2023,761.44,333.53
12/4/2023,696.38,314.665
12/5/2023,674.61,304.945
12/6/2023,672.82,293.06
12/7/2023,656.16,289.62
12/8/2023,691.295,287.685
12/9/2023,646.385,276.14
12/10/2023,727.14,303.67
12/11/2023,669.55,290.93
12/12/2023,670.25,293.055
12/13/2023,686.305,298.795
12/14/2023,749.375,312.715
12/15/2023,723.89,303.74
12/16/2023,743.295,314.51
12/17/2023,739.665,314.635
12/18/2023,693.295,299.45
12/19/2023,735.48,311.715
12/20/2023,719.305,307.61
12/21/2023,714.545,305.885
12/22/2023,734.57,307.58
12/23/2023,738.175,315.855
12/24/2023,790.76,331.59
12/25/2023,812.94,359.87
12/26/2023,806.18,351.38
12/27/2023,772.3,334.18
12/28/2023,784.24,337.37
12/29/2023,752.025,321.915
12/30/2023,747.745,327.625
12/31/2023,749.01,327.18
1/1/2024,829.27,350.67
1/2/2024,741.64,314.99
1/3/2024,732.55,308.75
1/4/2024,730.27,315.28
1/5/2024,719.11,310.36
1/6/2024,743.26,322.54
1/7/2024,739.83,316.45
1/8/2024,729.36,314.12
1/9/2024,785.46,338.36
1/10/2024,779.61,336.43
1/11/2024,751.92,328.12
1/12/2024,748.11,327.34
1/13/2024,778.04,332.71
1/14/2024,780.41,333.56
1/15/2024,784.12,332.85
1/16/2024,720.15,322.85
1/17/2024,727.15,314.47
1/18/2024,781.34,329.27
1/19/2024,781.18,328.42
1/20/2024,771.67,335.1
1/21/2024,787.41,344.64
1/22/2024,750.01,326.87
1/23/2024,754.11,328.4
1/24/2024,784.39,329.99
1/25/2024,832.18,356.25
1/26/2024,788.95,344.96
1/27/2024,775.41,348.65
1/28/2024,778.7,351.19
1/29/2024,767.53,342.84
1/30/2024,758.11,335.09
1/31/2024,768.73,326.22
2/1/2024,633.41,333.82
2/2/2024,750.07,356.94
2/3/2024,771.02,357.43
2/4/2024,791.26,365.59
2/5/2024,729.39,347.21
2/6/2024,727.94,348.13
2/7/2024,723.3,351.43
2/8/2024,768.3,358.2
2/9/2024,791.54,352.23
2/11/2024,812.33,362.83
2/12/2024,771.02,339.36
2/13/2024,795.48,357.67
2/14/2024,793.24,355.7
2/15/2024,775.18,354.34
2/16/2024,736.6,357.52
2/17/2024,826.2,376.94
2/18/2024,802.4,376.22
2/19/2024,767.31,358.48
2/20/2024,773.61,356.36
2/21/2024,767.79,351.57
2/22/2024,756.28,353.94
2/23/2024,850.44,391.6
2/24/2024,823.87,381.78
2/25/2024,784.93,375.08
2/26/2024,724.82,350.95
2/27/2024,755.74,359.54
2/28/2024,761.42,359.77
2/29/2024,761.34,362.38
3/1/2024,775.82,369.78
3/2/2024,809.47,373.82
3/3/2024,836.57,401.51
3/4/2024,793.26,361.09
3/5/2024,752.67,363.5
3/6/2024,785.63,371.77
3/7/2024,777.55,365.43
3/8/2024,851.88,391.78
3/9/2024,846.49,383.95
3/10/2024,828.42,387.91
3/11/2024,771.96,364.08
3/12/2024,782.84,364.55
3/13/2024,794.77,367.39
3/14/2024,776.68,362.55
3/15/2024,831.22,370.57
3/16/2024,851.85,384.81
3/17/2024,856.5,391.98
3/18/2024,815.54,369.65
3/19/2024,804.89,366.42
3/20/2024,818.51,368.39
3/21/2024,782.53,363.01
3/22/2024,759.51,360.77
3/23/2024,823.47,373.14
3/24/2024,830.44,390.01
3/25/2024,786.35,373.23
3/26/2024,799.18,374.83
3/27/2024,811.91,377.12
3/28/2024,823.86,385.34
3/29/2024,842.37,390.18
3/30/2024,831.77,371.92
3/31/2024,895.05,396.75
4/1/2024,787.94,369.8
4/2/2024,782.85,368.31
4/3/2024,793.24,367.51
4/4/2024,780.59,358.54
4/5/2024,819.31,373.46
4/6/2024,842.54,374.72
4/7/2024,862.51,373.98
4/8/2024,837.55,370.53
4/9/2024,819.27,384.24
4/10/2024,819.42,406.02
4/11/2024,837.68,400.53
4/12/2024,907.09,427.39
4/13/2024,931.44,455.52
4/14/2024,906.83,441.62
4/15/2024,950.05,432.51
4/16/2024,936.9,415.59
4/17/2024,882.06,394.07
4/18/2024,851.06,399.65
4/19/2024,882.22,411.76
4/20/2024,907.24,407.55
4/21/2024,876.01,408.75
4/22/2024,799.28,388.9
4/23/2024,936.82,429.39
4/24/2024,877.78,404.92
4/25/2024,874.15,407.12
4/26/2024,643.5,377.99
4/27/2024,919.05,426.41
4/28/2024,911.95,413.88
4/29/2024,848.65,395.58
4/30/2024,885.64,386.14
5/1/2024,911.82,407.17
5/2/2024,855.48,389.43
5/3/2024,898.36,394.35
5/4/2024,902.2,411.29
5/5/2024,884.81,410.96
5/6/2024,893.9,405.77
5/7/2024,888.79,413.78
5/8/2024,876.81,404.96
5/9/2024,862.54,408.1
5/10/2024,873.49,404.47
5/11/2024,893.27,410.42
5/12/2024,887.42,415.74
5/13/2024,869.23,403.79
5/14/2024,845.57,387.44
5/15/2024,892.67,406.82
5/16/2024,894.13,412.71
5/17/2024,903.61,413.56
5/18/2024,898.24,416.68
5/19/2024,892.74,439.03
5/20/2024,922.74,419.7
5/21/2024,856.58,403.67
5/22/2024,878.07,411.9
5/23/2024,889.35,426.3
5/24/2024,970.09,441.52
5/25/2024,922.92,432.98
5/26/2024,923.09,439.25
5/27/2024,857.39,405.69
5/28/2024,833.38,402.31
5/29/2024,849.52,412.46
5/30/2024,871.28,423.94
5/31/2024,855.08,425.61
6/1/2024,870.29,421.24
6/2/2024,894.59,425.02
6/3/2024,878.51,416.71
6/4/2024,851.51,405.49
6/5/2024,846.25,397.86
6/6/2024,853.39,396.36
6/7/2024,880.31,408.84
6/8/2024,914.7,407.43
6/9/2024,946.75,435.34
6/10/2024,876.54,411.69
6/11/2024,911.96,417.17
6/12/2024,890.57,409.09
6/13/2024,891.53,416.41
6/14/2024,882.06,416.25
6/15/2024,907.55,431.46
6/16/2024,906.57,451.3
6/17/2024,927.09,470.15
6/18/2024,897.79,437.48
6/19/2024,817.51,429.83
6/20/2024,858.7,428.95
6/21/2024,787.4,404.98
6/22/2024,917.87,446.43
6/23/2024,919.73,451.89
6/24/2024,878.05,422.69
6/25/2024,875.8,419.97
6/26/2024,925.67,430.6
6/27/2024,914.41,436.65
6/28/2024,872.07,415.21
6/29/2024,919.63,430.25
6/30/2024,904.63,428.2
7/1/2024,863.94,405.07
7/2/2024,871.89,409.19
7/5/2024,853.98,414.19
7/6/2024,899.47,425.24
7/7/2024,921.91,442.28
7/8/2024,873.51,429.98
7/9/2024,931.76,444.8
7/10/2024,906.56,433.19
7/11/2024,892.57,428.98
7/12/2024,898.98,431.96
7/13/2024,907.43,437.26
7/14/2024,898.96,435.06
7/15/2024,855.07,415.29
7/16/2024,877.29,411.01
7/17/2024,853.95,419.74
7/18/2024,843.2,417.61
7/19/2024,823.04,424.39
7/20/2024,916.94,455.96
7/21/2024,864.45,438
7/22/2024,796.09,410.58
7/23/2024,840.92,414.57
7/24/2024,807.41,407.72
7/25/2024,853.8,413.57
7/26/2024,822.88,419.98
7/27/2024,885.03,443.46
7/28/2024,912.54,441.01
7/29/2024,843.4,409.95
7/30/2024,868.78,418.52
7/31/2024,840.9,427.7
8/1/2024,866.49,422.7
8/2/2024,949.8,426.55
8/3/2024,866.74,420.71
8/4/2024,877.63,410.97
8/5/2024,754.83,367.65
8/6/2024,858.02,420.83
8/8/2024,834.71,419.73
8/9/2024,882.59,431.66
8/10/2024,893.82,443.02
8/11/2024,834.07,417.2
8/12/2024,837.74,411.34
8/13/2024,841.23,416.01
8/14/2024,862.21,413.49
8/15/2024,877.97,411.24
8/16/2024,892.31,434.9
8/17/2024,905.95,445.31
8/18/2024,930.45,452.05
8/19/2024,983.67,474.51
8/20/2024,925.18,445.37
8/21/2024,939.13,454.46
8/22/2024,916.62,447.06
8/23/2024,924.94,457.27
8/24/2024,872.5,454.72
8/25/2024,887.43,462.81
8/26/2024,827.48,437.24
8/27/2024,862.93,432.79
8/28/2024,857.91,430.28
8/29/2024,944.65,442.28
8/30/2024,937.21,439.28
8/31/2024,938.78,439.72
9/1/2024,958.95,444.51
9/2/2024,925.19,431.91
9/3/2024,911.25,436.42
9/4/2024,962.69,434.54
9/5/2024,959.27,435.05
9/6/2024,970.67,438.79
9/7/2024,1019.8,456.34
9/8/2024,989.05,452.02
9/9/2024,931.67,429.85
9/10/2024,969.86,432.15
9/11/2024,830.2,419.06
9/12/2024,933.71,434.8
9/13/2024,949.49,436.84
9/14/2024,978.01,441.83
9/15/2024,974.81,451.55
9/16/2024,1014.73,446.34
9/17/2024,1069.36,471.58
9/18/2024,958.11,446.28
9/19/2024,969.88,444.61
9/20/2024,990.59,459.33
9/21/2024,870.12,406.54
9/22/2024,1226.55,562.68
9/23/2024,1007.73,467.62
9/24/2024,960.19,453.66
9/25/2024,938.11,438.17
9/26/2024,986.33,439.78
9/27/2024,954.23,443.88
9/28/2024,1006.08,467.61
9/29/2024,970.62,461.34
9/30/2024,927.57,424.79
10/1/2024,866.05,411.79
10/2/2024,941.46,431.81
10/3/2024,957.75,439.82
10/4/2024,971.62,448.65
10/5/2024,1006.09,458.54
10/6/2024,994.31,460.77
10/7/2024,873.4,420.6
10/8/2024,894.42,424.61
10/9/2024,907.1,427.61
10/10/2024,907.37,425.17
10/11/2024,943.27,440.86
10/12/2024,936.56,447.44
10/13/2024,1004.41,451.58
10/14/2024,928.12,440.45
10/15/2024,963.69,444.38
10/16/2024,970.33,450.25
10/17/2024,1063.95,476.26
10/18/2024,955.23,449.37
10/19/2024,972.48,448.53
10/21/2024,901.93,438.53
10/22/2024,914.7,435.14
10/23/2024,929.59,427.59
10/24/2024,941.11,440.4
10/25/2024,963.14,453.41
10/26/2024,993.6,455.19
10/27/2024,1009.17,462.53
10/28/2024,927.15,441.99
10/29/2024,915.49,440.7
10/30/2024,917.44,444.25
10/31/2024,939.54,434.49
11/1/2024,915.44,423.45
11/2/2024,963.01,432.8
11/3/2024,972.74,449.83
11/4/2024,941.04,430.49
11/5/2024,915.75,434.56
11/6/2024,942.91,439.05
11/7/2024,959.39,441.17
11/8/2024,1006.01,442.42
11/9/2024,996.93,452.59
11/10/2024,1002.15,478.01
11/11/2024,958.62,450.32
11/12/2024,986.71,456.23
11/13/2024,1087.73,477.75
11/14/2024,1137.81,513.88
11/15/2024,1177.27,533.48
11/16/2024,1075.71,495.71
11/17/2024,1115,494.67
11/18/2024,995.09,451.77
11/19/2024,930.92,447.51
11/20/2024,932.08,442.89
11/21/2024,968.92,451.96
11/22/2024,977.14,446.43
11/23/2024,1006.39,455.02
11/24/2024,1033.44,473.95
11/25/2024,985.66,451.22
11/26/2024,969.92,469.88
11/27/2024,968.68,469.5
11/28/2024,1045.78,459.2
11/29/2024,1063.73,444.52
11/30/2024,1008.49,439.32
12/1/2024,1035.27,451.52
12/2/2024,993.6,437.85
12/3/2024,1033.61,449.21
12/4/2024,1028.23,448.33
12/5/2024,1037.55,450.88
12/6/2024,1068.2,458.2
12/7/2024,1054.83,454.15
12/8/2024,1061.51,469.17
12/9/2024,1049.43,453.49
12/10/2024,1077.33,461.04
12/11/2024,1101.11,468.93
12/12/2024,1082.62,442.6
12/13/2024,1029.49,441.32
12/14/2024,1150.69,474.98
12/15/2024,1106.76,475.37
12/16/2024,1159.14,492.8
12/17/2024,1079.36,470.63
12/18/2024,1094.36,477.98
12/19/2024,1102.03,492.7
12/20/2024,1085.4,490.5
12/21/2024,1130.9,488.28
12/22/2024,1130.3,494.92
12/23/2024,1110.61,478.39
12/24/2024,1052.85,485.21
12/25/2024,1190.22,526.01
12/26/2024,1123.79,504.09
12/27/2024,1092.91,500.54
12/28/2024,1116.3,504.52
12/29/2024,1109.65,502.17
12/30/2024,1077.98,478.76
12/31/2024,1073.29,480.01
1/1/2025,1165.71,515.51
1/2/2025,1012.1,456.07
1/3/2025,1011.31,458.34
1/4/2025,1086,468.65
1/5/2025,1119.86,487.45
1/6/2025,1040.38,465.77
1/7/2025,1088.63,483.42
1/8/2025,1123.49,482.31
1/9/2025,1065.31,478.14
1/10/2025,1035.06,460.82
1/11/2025,1098.81,473.64
1/12/2025,1160.97,503.24
1/13/2025,1169.48,503.47
1/14/2025,1155.2,489.92
1/15/2025,987.8,459.46
1/16/2025,1017.25,467.52
1/17/2025,1022.18,451.91
1/18/2025,1074.93,462.53
1/19/2025,1136.86,487.24
1/20/2025,1106.25,472.44
1/21/2025,1055.74,457.13
1/22/2025,1018.54,447.32
1/23/2025,970.4,447.94
1/24/2025,1003.44,448.39
1/25/2025,1040.95,459.44
1/26/2025,1059.16,478.01
1/27/2025,983.33,446.82
1/28/2025,1034.85,457.78
1/29/2025,1050.52,457.63
1/30/2025,1094.5,468.74
1/31/2025,1013.84,465.58
2/1/2025,1046.07,474.11
2/2/2025,1032.64,483.75
2/3/2025,976.37,456.26
2/4/2025,1101.54,499.79
2/5/2025,995.01,464.03
2/6/2025,989.62,463.13
2/7/2025,1030.32,461.66
2/8/2025,1070.84,498.54
2/9/2025,1003.87,473.05
2/10/2025,983.04,459.41
2/11/2025,1017.66,462.33
2/12/2025,1123.97,486.54
2/13/2025,1060.05,467.19
2/14/2025,1060.36,470.76
2/15/2025,1073.75,484.35
2/16/2025,1064.16,498.43
2/17/2025,1041.99,466.35
2/18/2025,1032.52,460.08
2/19/2025,1014.44,456.49
2/20/2025,1015.33,468.87
2/21/2025,1034.59,462.5
2/22/2025,1089.53,476.04
2/23/2025,1100.13,490.21
2/24/2025,1001.95,470.02
2/25/2025,1051.23,471.97
2/26/2025,1013.57,460.09
2/27/2025,999.68,450.78
2/28/2025,1108.74,472.31
3/1/2025,1066.97,468.03
3/2/2025,1175.71,492.14
3/3/2025,1020.05,461.81
3/4/2025,1065.74,467.73
3/5/2025,1061.61,461.49
3/6/2025,1072.52,468.83
3/7/2025,1035.9,478.79
3/8/2025,1108.26,504.65
3/9/2025,785.78,398.33
3/10/2025,1039.2,472.06
3/11/2025,1109.1,489.52
3/12/2025,1062.22,484.81
3/13/2025,1124.59,504.35
3/14/2025,1076.06,496.92
3/15/2025,1120.11,489.82
3/16/2025,1100.27,499.63
3/17/2025,1093.89,486.6
3/18/2025,1104.72,490.5
3/19/2025,1093.95,483.2
3/20/2025,1094.34,480.4
3/21/2025,1109.39,481.23
3/22/2025,1103.75,497.07
3/23/2025,1138.39,505.4
3/24/2025,1073.41,477.08
3/25/2025,1107.37,480.55
3/26/2025,1095.49,485.38
3/27/2025,1159.35,496.52
3/28/2025,1124.67,497.38
3/29/2025,1131.24,510.88
3/30/2025,1132.04,515
3/31/2025,1125.41,536.97
4/1/2025,1034.77,489.9
4/2/2025,1039.51,474.95
4/3/2025,1049.43,495.31
4/4/2025,1094.94,482.5
4/5/2025,1063,454.74
4/6/2025,1083.59,481.3
4/7/2025,1046.26,466.46
4/8/2025,1066.76,468.96
4/9/2025,1062.99,473.86
4/10/2025,1003.93,472.35
4/11/2025,1085.35,495.95
4/12/2025,1169.76,525.92
4/13/2025,1213.12,559.9
4/14/2025,1247.18,592.76
4/15/2025,1252.83,562.41
4/16/2025,1244.23,546.47
4/17/2025,1209.73,533.17
4/18/2025,1213.14,537.55
4/19/2025,1158.62,529.86
4/20/2025,1224.42,540.48
4/21/2025,1085.37,489.25
4/22/2025,1127.67,493.36
4/23/2025,1124.05,500.6
4/24/2025,1158.63,495.34
4/25/2025,1133.62,483.66
4/26/2025,1123.03,500.99
4/27/2025,1115.77,500.06
4/28/2025,969.07,456.62
4/29/2025,956.52,439.07
4/30/2025,1121.01,483.19
5/1/2025,1263.4,536.22
5/2/2025,1173.04,505.2
5/3/2025,1219.36,534.36
5/4/2025,1260.89,539.55
5/5/2025,1154.55,515.49
5/6/2025,1209.35,569.27
5/7/2025,1107.19,536.24
5/8/2025,1047.37,495.77
5/9/2025,1076.47,500.1
5/10/2025,1106.14,518
5/11/2025,1097.89,519.09
5/12/2025,1078.13,515.69
5/13/2025,1197.82,537.56
5/14/2025,1038.29,490.21
5/15/2025,1060.35,491.86
5/16/2025,1160.61,507.81
5/17/2025,1183.38,519.78
5/18/2025,1177.47,529.92
5/19/2025,1107.7,509.06
5/20/2025,1096.25,509.02
5/21/2025,1120.79,514.64
5/22/2025,1101.71,515.12
5/23/2025,1094.01,514.65
5/24/2025,1114.22,521.08
5/25/2025,1136.51,537.12
5/26/2025,1038.15,505.68
5/27/2025,1038.97,508.03
5/28/2025,1002.06,503.93
5/29/2025,1013.84,503.72
5/30/2025,934.94,474.97
5/31/2025,1115.76,524.36
6/1/2025,1135.17,531.04
6/2/2025,1075.32,506.8
6/3/2025,1095.99,514.8
6/4/2025,983.49,494.29
6/5/2025,1081.35,519.93
6/6/2025,1114.33,537.26
6/7/2025,1159.44,576.18
6/8/2025,1120.04,556.42
6/9/2025,1088.42,545.56
6/10/2025,1033.71,511.64
6/11/2025,1082.36,533.85
6/12/2025,1113.6,529.34
6/13/2025,1094.545,540.71
6/14/2025,1150.89,538.33
6/15/2025,1152.67,538.8
6/16/2025,1048.25,507.12
6/17/2025,1116.4,521.97
6/18/2025,1155.57,533.33
6/19/2025,1131.21,543.18
6/20/2025,1141.98,537.64
6/21/2025,1166.9,546.07
6/22/2025,1191.26,569.11
6/23/2025,1142.59,538.44
6/24/2025,1142.76,547.57
6/25/2025,1091.7,530.32
6/26/2025,1084.93,522.06
6/27/2025,1109.72,529.41
6/28/2025,1143.89,552.63
6/29/2025,1103.3,538.23
6/30/2025,1100.36,524.89
7/1/2025,1146.21,540.5
7/2/2025,1146.04,535.32
7/3/2025,1141,542.15
7/4/2025,1141.62,537.14
7/5/2025,1187.35,547.5
7/6/2025,1157.47,550.54
7/7/2025,1072.13,523.03
7/8/2025,1156.37,530.37
7/9/2025,774.55,525.42
7/10/2025,1234.15,548.61
7/11/2025,1138.68,540.95
7/12/2025,1127.28,530.49
7/13/2025,1185.49,550.65
7/14/2025,1075.16,530.43
7/15/2025,1089.96,523.42
7/16/2025,1099.68,516.74
7/17/2025,1083.23,520.52
7/18/2025,1144.91,545.99
7/19/2025,1130.64,552.41
7/20/2025,1161.24,549.74
7/21/2025,1043.72,520.98
7/22/2025,1092.48,530.94
7/23/2025,1079.55,536.3
7/24/2025,1088.4,537.98
7/25/2025,1064.27,540.37
7/26/2025,1133.74,566.5
7/27/2025,1137.54,566.96
7/28/2025,1090.56,542.31
7/29/2025,1095.48,544.83
7/30/2025,1107.7,531.17
7/31/2025,1070.77,539.81
8/1/2025,1094.26,548.49
8/2/2025,1093.99,536.5
8/3/2025,1171.33,548.57
8/4/2025,1089.08,538.46
8/5/2025,1111.22,541.58
8/6/2025,1110.73,536.06
8/7/2025,1117.86,536.19
8/8/2025,1203.47,568.33
8/9/2025,1153.81,553.89
8/10/2025,1146.8,553.3
8/11/2025,1126.91,534.75
8/12/2025,1160.78,550.77
8/13/2025,1144.81,546.15
8/14/2025,1128.11,546.94
8/15/2025,1145.22,559.36
8/16/2025,1175.59,577.56
8/17/2025,1135.91,551.78
8/18/2025,1086.19,538.24
8/19/2025,1099.92,532.24
8/20/2025,1095.92,530.23
8/21/2025,1088.46,531.41
8/22/2025,1083.29,506.68
8/23/2025,1141.36,545.09
8/24/2025,1146.86,545.67
8/25/2025,1127.34,538.92
8/26/2025,1124.96,537.79
8/27/2025,1082.93,530.08
8/28/2025,1125.865,532.065
8/29/2025,1143.83,544.14
8/30/2025,883.94,490.54
8/31/2025,1184.01,559.8
9/1/2025,1118.13,537.15
9/2/2025,1129.25,535.19
9/3/2025,1131.25,525.79
9/4/2025,1155.11,545.25
9/5/2025,1190.28,558.21
9/6/2025,1155.5,545.42
9/7/2025,1210.63,572.5
9/8/2025,1109.36,529.14
9/9/2025,1004.71,485.39
9/10/2025,1115.94,525.11
9/11/2025,1127.68,541
9/12/2025,1123.72,532.05
9/13/2025,1190.37,549.23
9/14/2025,1171.71,548.54
9/15/2025,1145.55,530.75
9/16/2025,1124.51,530.27
9/17/2025,1135.37,545.34
9/18/2025,1195.1,584.31
9/19/2025,1168.41,556.35
9/20/2025,1217.12,567.54
9/21/2025,1193.43,559.41
9/22/2025,1122.7,542.42
9/23/2025,1167.44,550.77
9/24/2025,1120.9,543.33
9/25/2025,1113.87,542.16
9/26/2025,1162.28,557.56
9/27/2025,1191.62,554.86
9/28/2025,1175.01,563.14
9/29/2025,1092.01,541.65
9/30/2025,1111.99,541.03
10/1/2025,1104.62,549.61
10/2/2025,1184.83,572.49
10/3/2025,964.05,518.7
10/4/2025,1145.42,557.62
10/5/2025,1177.84,562.17
10/6/2025,1214.82,592.15
10/7/2025,1168.43,553.09
10/8/2025,1111.28,525.5
10/9/2025,1140.95,549.43
10/10/2025,1179.23,567.88
10/11/2025,1211.41,579.9
10/12/2025,1211.55,570.29
10/13/2025,1079.48,505.26
10/14/2025,1135.53,535.22
10/15/2025,1133.69,538.13
10/16/2025,1034.54,510.08
10/17/2025,1087.93,524.53
10/18/2025,1199.57,569.32
10/19/2025,1174.4,570.03
10/20/2025,1218.32,583.1
